{
  "took": 11,
  "timed_out": false,
  "_shards": {
    "total": 5,
    "successful": 5,
    "skipped": 0,
    "failed": 0
  },
  "hits": {
    "total": 1798,
    "max_score": 93.53595,
    "hits": [
      {
        "_index": "tmdb",
        "_type": "movie",
        "_id": "AV52gbcidqPoGquuKoEx",
        "_score": 93.53595,
        "_source": {
          "original_language": "en",
          "alternative_title_MX": "Death Note",
          "original_title": "Death Note",
          "imdb_id": "tt1241317",
          "title": "Death Note",
          "poster_path": "/fJAvGOitU8y53ByeHnM4avtKFaG.jpg",
          "release_date": 2017,
          "popularity": 91.062079,
          "vote_average": 4.6,
          "belongs_to_collection": null,
          "alternative_title_TW": "死亡筆記本",
          "id": 351460,
          "vote_count": 597
        },
        "highlight": {
          "title": [
            "Death <em>Note</em>"
          ]
        }
      },
      {
        "_index": "tmdb",
        "_type": "movie",
        "_id": "AV52f5mQdqPoGquuKZwC",
        "_score": 42.147396,
        "_source": {
          "alternative_title_FR": "N'Oublie Jamais",
          "original_language": "en",
          "imdb_id": "tt0332280",
          "alternative_title_LT": "Užrašų knygutė",
          "title": "The Notebook",
          "alternative_title_CA": "Les Pages de notre amour",
          "popularity": 6.696009,
          "id": 11036,
          "alternative_title_SV": "Diario de una Pasion",
          "vote_count": 2990,
          "alternative_title_ES": "El Diario de Noa",
          "alternative_title_CN": "写我情真",
          "alternative_title_GR": "Το ημερολόγιο",
          "original_title": "The Notebook",
          "alternative_title_AR": "Diario de una pasión",
          "poster_path": "/gMfstesBXKdsHToAUXVPHujUDfb.jpg",
          "release_date": 2004,
          "vote_average": 7.7,
          "alternative_title_JP": "Kimi ni yomu monogatari",
          "belongs_to_collection": null,
          "alternative_title_BG": "Тетрадката",
          "alternative_title_TW": "手札情緣"
        },
        "highlight": {
          "title": [
            "The <em>Notebook</em>"
          ]
        }
      },
      {
        "_index": "tmdb",
        "_type": "movie",
        "_id": "AV52iXYbdqPoGquuLZUz",
        "_score": 36.32825,
        "_source": {
          "alternative_title_HU": "Forgószél",
          "original_language": "en",
          "imdb_id": "tt0038787",
          "alternative_title_DK": "Berygtet",
          "title": "Notorious",
          "alternative_title_BR": "Interlúdio",
          "alternative_title_US": "Notorious!",
          "alternative_title_CA": "Les enchaînés",
          "popularity": 8.494519,
          "id": 303,
          "vote_count": 329,
          "alternative_title_ES": "Encadenados",
          "alternative_title_GR": "Υπόθεσις Νοτόριους",
          "alternative_title_IT": "L'amante perduta",
          "original_title": "Notorious",
          "alternative_title_AT": "Weißes Gift",
          "alternative_title_AR": "Tuyo es mi corazón",
          "poster_path": "/pi5YexkEQ9BZIWovB5SyPmjCBjG.jpg",
          "alternative_title_PL": "Oslawiona",
          "release_date": 1946,
          "vote_average": 7.7,
          "belongs_to_collection": null,
          "alternative_title_BG": "Небезизвестните",
          "alternative_title_FI": "Kohtalon avain"
        },
        "highlight": {
          "alternative_title_US": [
            "<em>Notorious</em>!"
          ],
          "title": [
            "<em>Notorious</em>"
          ]
        }
      },
      {
        "_index": "tmdb",
        "_type": "movie",
        "_id": "AV52h7zIdqPoGquuLNdR",
        "_score": 36.28745,
        "_source": {
          "alternative_title_ES": "Dando la nota 2",
          "alternative_title_FR": "La Note Parfaite 2",
          "original_language": "en",
          "alternative_title_MX": "Más notas perfectas",
          "original_title": "Pitch Perfect 2",
          "imdb_id": "tt2848292",
          "title": "Pitch Perfect 2",
          "poster_path": "/qSjruLiFB4uqRtz2xheQPxG8uaB.jpg",
          "release_date": 2015,
          "popularity": 17.167103,
          "vote_average": 6.8,
          "belongs_to_collection": {
            "backdrop_path": "/jolu4gMP6g2VmUZt099U6X6jNNJ.jpg",
            "name": "Pitch Perfect Collection",
            "id": 306031,
            "poster_path": "/n1bCFVJeVxX1yCTnXy4OCRwynF1.jpg"
          },
          "alternative_title_TW": "歌喉讚2",
          "id": 254470,
          "vote_count": 1917
        },
        "highlight": {
          "alternative_title_FR": [
            "La <em>Note</em> Parfaite 2"
          ]
        }
      },
      {
        "_index": "tmdb",
        "_type": "movie",
        "_id": "AV52grswdqPoGquuKuyh",
        "_score": 29.284248,
        "_source": {
          "alternative_title_HU": "Sztárom a párom",
          "original_language": "en",
          "alternative_title_MX": "Un lugar llamado Notting Hill",
          "original_title": "Notting Hill",
          "imdb_id": "tt0125439",
          "alternative_title_KR": "노팅힐",
          "title": "Notting Hill",
          "poster_path": "/f1gMw3PVicfdq9thlvUIjJ5UdvS.jpg",
          "alternative_title_BR": "Um Lugar Chamado Notting Hill",
          "release_date": 1999,
          "popularity": 3.818474,
          "vote_average": 7,
          "belongs_to_collection": null,
          "alternative_title_TW": "新娘百分百",
          "id": 509,
          "vote_count": 1224
        },
        "highlight": {
          "title": [
            "<em>Notting</em> Hill"
          ]
        }
      },
      {
        "_index": "tmdb",
        "_type": "movie",
        "_id": "AV52hk8jdqPoGquuLERA",
        "_score": 27.402618,
        "_source": {
          "alternative_title_ES": "Amor con preaviso",
          "alternative_title_FR": "L'amour sans préavis - On peut toujours quitter un boulot...",
          "original_language": "en",
          "original_title": "Two Weeks Notice",
          "imdb_id": "tt0313737",
          "title": "Two Weeks Notice",
          "poster_path": "/oJhoI85vBdFRSMEgnYNCcrNDocJ.jpg",
          "alternative_title_BR": "Amor à Segunda Vista",
          "alternative_title_CA": "Deux semaines d'avis",
          "release_date": 2002,
          "popularity": 8.038578,
          "vote_average": 5.9,
          "belongs_to_collection": null,
          "alternative_title_RU": "Любовь с уведомлением",
          "alternative_title_SV": "Amor a Segunda Vista",
          "id": 2642,
          "vote_count": 478
        },
        "highlight": {
          "title": [
            "Two Weeks <em>Notice</em>"
          ]
        }
      },
      {
        "_index": "tmdb",
        "_type": "movie",
        "_id": "AV52gscrdqPoGquuKvHT",
        "_score": 24.369831,
        "_source": {
          "alternative_title_FR": "Le bossu de notre dame",
          "original_language": "en",
          "imdb_id": "tt0116583",
          "alternative_title_DK": "Klokkeren fra Notre Dame",
          "title": "The Hunchback of Notre Dame",
          "alternative_title_SE": "Ringaren i Notre Dame",
          "alternative_title_BR": "O Corcunda de Notre Dame",
          "alternative_title_US": "Walt Disney Hunchback of Notre Dame",
          "alternative_title_GB": "Disneys 34 The Hunchback of Notre Dame",
          "popularity": 8.339563,
          "id": 10545,
          "alternative_title_AD": "El geperut de Notre Dame",
          "vote_count": 1102,
          "alternative_title_ES": "El jorobado de Notre Dame",
          "alternative_title_MX": "El jorobado de Notre Dame",
          "alternative_title_IT": "Il gobbo di Notre Dame",
          "original_title": "The Hunchback of Notre Dame",
          "alternative_title_KR": "노틀담의 꼽추",
          "poster_path": "/gpMXF2Bp7GHTT8GbMgf7yuBEyuV.jpg",
          "alternative_title_NL": "De Klokkenluider van de Notre Dame",
          "release_date": 1996,
          "vote_average": 6.8,
          "alternative_title_JP": "ノートルダムの鐘",
          "belongs_to_collection": {
            "backdrop_path": "/oAq4tE4fTXfsWz35kyajoWNzHfo.jpg",
            "name": "The Hunchback of Notre Dame Collection",
            "id": 97456,
            "poster_path": "/vX0k6lP6tBi8XHdvNtOvsbNgyxM.jpg"
          },
          "alternative_title_BG": "Парижката Света Богородица",
          "alternative_title_FI": "Notre Damen kellonsoittaja",
          "alternative_title_NO": "Ringeren i Notre Dame"
        },
        "highlight": {
          "alternative_title_US": [
            "Walt Disney Hunchback of <em>Notre</em> Dame"
          ],
          "alternative_title_FR": [
            "Le bossu de <em>notre</em> dame"
          ],
          "title": [
            "The Hunchback of <em>Notre</em> Dame"
          ]
        }
      },
      {
        "_index": "tmdb",
        "_type": "movie",
        "_id": "AV52ibRAdqPoGquuLauZ",
        "_score": 22.711342,
        "_source": {
          "alternative_title_HU": "007: A világ nem elég",
          "alternative_title_FR": "James Bond 19 - Le Monde ne suffit pas",
          "original_language": "en",
          "alternative_title_UA": "Джеймс Бонд: І цілого світу замало",
          "imdb_id": "tt0143145",
          "title": "The World Is Not Enough",
          "alternative_title_SE": "Världen räcker inte till",
          "alternative_title_BR": "007 - O Mundo Não É O Bastante",
          "alternative_title_US": "James Bond 007 - 19 - The World Is Not Enough",
          "alternative_title_GB": "20 The World Is Not Enough",
          "popularity": 13.336867,
          "id": 36643,
          "vote_count": 854,
          "alternative_title_CN": "新铁金刚之黑日危机",
          "alternative_title_GR": "Τζέιμς Μποντ, Πράκτωρ 007: Ο Κόσμος Δεν Είναι Αρκετός",
          "alternative_title_IT": "Agente 007 - Il Mondo non Basta",
          "original_title": "The World Is Not Enough",
          "poster_path": "/aPfALBxfgx2tsbTwRMR1MbNHSvn.jpg",
          "release_date": 1999,
          "vote_average": 6,
          "alternative_title_JP": "007 ワールド・イズ・ノット・イナフ",
          "belongs_to_collection": {
            "backdrop_path": "/6VcVl48kNKvdXOZfJPdarlUGOsk.jpg",
            "name": "James Bond Collection",
            "id": 645,
            "poster_path": "/HORpg5CSkmeQlAolx3bKMrKgfi.jpg"
          },
          "alternative_title_BG": "007 Само един свят не стига",
          "alternative_title_PT": "007 - O Mundo Não Chega",
          "alternative_title_RU": "И целого мира мало",
          "alternative_title_DE": "James Bond 19 - Die Welt ist nicht genug",
          "alternative_title_NO": "James Bond 19 - The World Is Not Enough"
        },
        "highlight": {
          "alternative_title_US": [
            "James Bond 007 - 19 - The World Is <em>Not</em> Enough"
          ],
          "title": [
            "The World Is <em>Not</em> Enough"
          ]
        }
      },
      {
        "_index": "tmdb",
        "_type": "movie",
        "_id": "AV52iYuAdqPoGquuLZ5-",
        "_score": 19.896547,
        "_source": {
          "alternative_title_FR": "Death Note 1",
          "original_language": "ja",
          "alternative_title_CN": "死亡笔记 I",
          "original_title": "デスノート",
          "imdb_id": "tt0758742",
          "title": "Death Note",
          "poster_path": "/jXaT3k2GuW9WTFmoCyskZyWfKlw.jpg",
          "alternative_title_US": "Death Note 1",
          "release_date": 2006,
          "popularity": 6.342007,
          "vote_average": 6.9,
          "alternative_title_JP": "Desu nôto",
          "belongs_to_collection": {
            "backdrop_path": "/2y42CZ6LTtpJKYRf0dUEFQ13W9f.jpg",
            "name": "Death Note Collection",
            "id": 102019,
            "poster_path": "/jh35G1kYbqEOddhxny6KmRHc9FI.jpg"
          },
          "alternative_title_RU": "Тетрадь смерти",
          "id": 16007,
          "vote_count": 156
        },
        "highlight": {
          "alternative_title_US": [
            "Death <em>Note</em> 1"
          ],
          "alternative_title_FR": [
            "Death <em>Note</em> 1"
          ],
          "title": [
            "Death <em>Note</em>"
          ]
        }
      },
      {
        "_index": "tmdb",
        "_type": "movie",
        "_id": "AV52gsh_dqPoGquuKvKQ",
        "_score": 17.625788,
        "_source": {
          "alternative_title_ES": "No es otra estúpida película americana",
          "alternative_title_FR": "Sex academy",
          "original_language": "en",
          "original_title": "Not Another Teen Movie",
          "imdb_id": "tt0277371",
          "title": "Not Another Teen Movie",
          "alternative_title_AR": "No es otra tonta película americana",
          "poster_path": "/lUUyU80dWllaya1WhskDZKW6uHq.jpg",
          "alternative_title_BR": "Não é Mais um Besteirol Americano",
          "alternative_title_CA": "Pas encore un film d'ado",
          "alternative_title_PL": "To nie jest kolejna komedia dla kretynów",
          "release_date": 2001,
          "popularity": 8.311436,
          "alternative_title_CZ": "bullshit",
          "vote_average": 5.5,
          "belongs_to_collection": null,
          "alternative_title_SV": "No es Otra Tonta Pelicula Americana",
          "id": 11397,
          "vote_count": 427
        },
        "highlight": {
          "title": [
            "<em>Not</em> Another Teen Movie"
          ]
        }
      }
    ]
  }
}
