{"alternative_titles":{"results":[{"iso_3166_1":"CN","title":"冰与火之歌"},{"iso_3166_1":"CN","title":"权利的游戏"},{"iso_3166_1":"DE","title":"Game of Thrones - Das Lied von Eis und Feuer"},{"iso_3166_1":"FR","title":"Le Trône de fer"},{"iso_3166_1":"GR","title":"Παιχνίδι Του Στέμματος"},{"iso_3166_1":"RO","title":"Urzeala tronurilor"},{"iso_3166_1":"TH","title":"มหาศึกชิงบัลลังก์"},{"iso_3166_1":"TR","title":"Taht Oyunları"},{"iso_3166_1":"TW","title":"冰與火之歌：權力遊戲"},{"iso_3166_1":"US","title":"A Song of Ice and Fire"},{"iso_3166_1":"US","title":"GoT"}]},"poster_path":"/gwPSoYUHAKmdyVywgLpKKA4BjRr.jpg","videos":{"results":[{"name":"Game of Thrones Season 7: Official Trailer (HBO)","iso_3166_1":"US","site":"YouTube","iso_639_1":"en","key":"giYeaKsXnsI","type":"Trailer","id":"599126d8c3a36806d50051a7","size":720}]},"overview":"Seven noble families fight for control of the mythical land of Westeros. Friction between the houses leads to full-scale war. All while a very ancient evil awakens in the farthest north. Amidst the war, a neglected military order of misfits, the Night's Watch, is all that stands between the realms of men and icy horrors beyond.","type":"Scripted","keywords":{"results":[{"id":6091,"name":"war"},{"id":818,"name":"based on novel"},{"id":4152,"name":"kingdom"},{"id":12554,"name":"dragon"},{"id":13084,"name":"king"},{"id":34038,"name":"intrigue"},{"id":170362,"name":"fantasy world"}]},"networks":[{"id":49,"name":"HBO"}],"genres":[{"id":10765,"name":"Sci-Fi & Fantasy"},{"id":18,"name":"Drama"},{"id":10759,"name":"Action & Adventure"}],"original_name":"Game of Thrones","created_by":[{"gender":2,"profile_path":"/8CuuNIKMzMUL1NKOPv9AqEwM7og.jpg","id":9813,"name":"David Benioff"},{"gender":2,"profile_path":"/caUAtilEe06OwOjoQY3B7BgpARi.jpg","id":228068,"name":"D. B. Weiss"}],"id":1399,"languages":["es","en","de"],"vote_count":3570,"number_of_seasons":7,"episode_run_time":[60],"number_of_episodes":67,"original_language":"en","status":"Returning Series","last_air_date":"2017-08-27","origin_country":["US"],"credits":{"cast":[{"name":"Emilia Clarke","gender":1,"character":"Daenerys Targaryen","id":1223786,"credit_id":"5256c8af19c2956ff60479f6","profile_path":"/iNuaYKoWb7psag7Tg3eRucj5sn2.jpg","order":0},{"name":"Kit Harington","gender":2,"character":"Jon Snow","id":239019,"credit_id":"5256c8af19c2956ff6047af6","profile_path":"/dwRmvQUkddCx6Xi7vDrdnQL4SJ0.jpg","order":1},{"name":"Peter Dinklage","gender":2,"character":"Tyrion Lannister","id":22970,"credit_id":"5256c8b219c2956ff6047cd8","profile_path":"/xuB7b4GbARu4HN6gq5zMqjGbkwF.jpg","order":2},{"name":"Lena Headey","gender":1,"character":"Cersei Lannister","id":17286,"credit_id":"5256c8ad19c2956ff60479ce","profile_path":"/wcpy6J7KLzmVt0METboX3CZ0Jp.jpg","order":3},{"name":"Nikolaj Coster-Waldau","gender":2,"character":"Jaime Lannister","id":12795,"credit_id":"5256c8ad19c2956ff604793e","profile_path":"/1r6SwIV4QqZgdkRuql0EQHd0rUB.jpg","order":4},{"name":"Sophie Turner","gender":1,"character":"Sansa Stark","id":1001657,"credit_id":"5256c8b419c2956ff6047f34","profile_path":"/ed4ajSYdv49j9OF7yMeG8Hznrrt.jpg","order":5},{"name":"Maisie Williams","gender":1,"character":"Arya Stark","id":1181313,"credit_id":"5256c8b419c2956ff6047f0c","profile_path":"/6tatYKQDbqz7uGXlIRJGOAvq0ZR.jpg","order":6},{"name":"Iain Glen","gender":2,"character":"Jorah Mormont","id":20508,"credit_id":"5256c8af19c2956ff6047a5c","profile_path":"/vYEI5xJWJ6HKjPusvO2klAvez3J.jpg","order":7},{"name":"Alfie Allen","gender":2,"character":"Theon Greyjoy","id":71586,"credit_id":"5256c8b019c2956ff6047b5a","profile_path":"/4q6yzSMi8Q5XeIn5A1yUD1tEfwq.jpg","order":8},{"name":"Liam Cunningham","gender":2,"character":"Davos Seaworth","id":15498,"credit_id":"5256c8b519c2956ff604803e","profile_path":"/8RMX0M8AEaldVAC6WUJIViUdDkm.jpg","order":9},{"name":"John Bradley","gender":2,"character":"Samwell Tarly","id":1010135,"credit_id":"56009f37c3a36856180002b5","profile_path":"/yrRfy2LUab8i6bjEb0LFEe0wDK2.jpg","order":10},{"name":"Conleth Hill","gender":2,"character":"Varys","id":84423,"credit_id":"5256c8b219c2956ff6047d6e","profile_path":"/nxSh1w1MTyAfQ1cCSie3HtjQot6.jpg","order":11},{"name":"Aidan Gillen","gender":2,"character":"Petyr Baelish","id":49735,"credit_id":"5256c8af19c2956ff6047aa4","profile_path":"/w37z62Ex1kxqLTyI3SRySmiVsDB.jpg","order":12},{"name":"Gwendoline Christie","gender":1,"character":"Brienne of Tarth","id":1011904,"credit_id":"5256c8bd19c2956ff604841c","profile_path":"/dTkS6VhTGjnFluTGf0PjNy9shkx.jpg","order":13},{"name":"Isaac Hempstead Wright","gender":2,"character":"Bran Stark","id":239020,"credit_id":"5256c8b119c2956ff6047c22","profile_path":"/qF1Ca4aNDkpSGQt9Q7qfpRbwNOk.jpg","order":14},{"name":"Kristofer Hivju","gender":2,"character":"Tormund Giantsbane","id":571418,"credit_id":"5256c8c219c2956ff6048530","profile_path":"/qlGV5b8FMx2Ut1fgmm6TDc1fHxC.jpg","order":15},{"name":"Nathalie Emmanuel","gender":1,"character":"Missandei","id":1251069,"credit_id":"570161409251416074000524","profile_path":"/yYiJwunH04doOZJgMu7qTZyrRYJ.jpg","order":16},{"name":"Jacob Anderson","gender":2,"character":"Grey Worm","id":964792,"credit_id":"570161b39251416070000434","profile_path":"/kCvEYSYeUk6aPh2sE8VExaTRYWP.jpg","order":17},{"name":"Jerome Flynn","gender":2,"character":"Bronn","id":195930,"credit_id":"5256c8b219c2956ff6047d8e","profile_path":"/4Q0CxsfiaLcnidsgsS36qIFqmhZ.jpg","order":18},{"name":"Rory McCann","gender":2,"character":"Sandor Clegane","id":3075,"credit_id":"5256c8b119c2956ff6047c84","profile_path":"/zYNJIN6fEXAkLz2APQduYxvGxI1.jpg","order":19}],"crew":[{"name":"David Benioff","gender":2,"department":"Production","job":"Executive Producer","credit_id":"5256c8c219c2956ff60485e8","profile_path":"/8CuuNIKMzMUL1NKOPv9AqEwM7og.jpg","id":9813},{"name":"D. B. Weiss","gender":2,"department":"Production","job":"Executive Producer","credit_id":"5256c8c319c2956ff6048612","profile_path":"/caUAtilEe06OwOjoQY3B7BgpARi.jpg","id":228068},{"name":"George R. R. Martin","gender":2,"department":"Production","job":"Co-Executive Producer","credit_id":"54eef3e19251417965005c64","profile_path":"/v1fA3LZ4DefEPUvSFZmJVmczUmv.jpg","id":237053},{"name":"Michele Clapton","gender":1,"department":"Costume & Make-Up","job":"Costume Design","credit_id":"54eeec309251417968005b14","profile_path":null,"id":50953},{"name":"George R. R. Martin","gender":2,"department":"Writing","job":"Novel","credit_id":"54eef1fc925141796e005aee","profile_path":"/v1fA3LZ4DefEPUvSFZmJVmczUmv.jpg","id":237053}]},"in_production":true,"first_air_date":"2011-04-17","seasons":[{"season_number":0,"poster_path":"/kMTcwNRfFKCZ0O2OaBZS0nZ2AIe.jpg","id":3627,"episode_count":14,"air_date":"2010-12-05"},{"season_number":1,"poster_path":"/zwaj4egrhnXOBIit1tyb4Sbt3KP.jpg","id":3624,"episode_count":10,"air_date":"2011-04-17"},{"season_number":2,"poster_path":"/5tuhCkqPOT20XPwwi9NhFnC1g9R.jpg","id":3625,"episode_count":10,"air_date":"2012-04-01"},{"season_number":3,"poster_path":"/7d3vRgbmnrRQ39Qmzd66bQyY7Is.jpg","id":3626,"episode_count":10,"air_date":"2013-03-31"},{"season_number":4,"poster_path":"/dniQ7zw3mbLJkd1U0gdFEh4b24O.jpg","id":3628,"episode_count":10,"air_date":"2014-04-06"},{"season_number":5,"poster_path":"/yKOltUHsp9X7dXWIm0hNGcIQa4G.jpg","id":62090,"episode_count":10,"air_date":"2015-04-12"},{"season_number":6,"poster_path":"/zvYrzLMfPIenxoq2jFY4eExbRv8.jpg","id":71881,"episode_count":10,"air_date":"2016-04-24"},{"season_number":7,"poster_path":"/3dqzU3F3dZpAripEx9kRnijXbOj.jpg","id":81266,"episode_count":7,"air_date":"2017-07-16"}],"backdrop_path":"/gX8SYlnL9ZznfZwEH4KJUePBFUM.jpg","production_companies":[{"name":"Home Box Office (HBO)","id":3268},{"name":"Generator Entertainment","id":5820},{"name":"Television 360","id":12525},{"name":"Bighead Littlehead","id":12526},{"name":"Revolution Sun Studios","id":76043}],"name":"Game of Thrones","homepage":"http://www.hbo.com/game-of-thrones","popularity":149.1692,"vote_average":8.1}
