{
  "host": "locahost",
  "port": "27017",
  "database": "imdbnator",
  "user": "root",
  "password": "Pass@1234",
  "collections": {
    "tmdb": {
      "name": "tmdb_movies",
      "fields": {
        "tmdbid": "id",
        "imdbid": "imdb_id",
        "title": "title",
        "title_alternative": "alternative_titles",
        "title_original": "original_title",
        "tagline": "tagline",
        "year": "release_date",
        "rating": "vote_average",
        "votes": "vote_count",
        "popularity": "popularity",
        "plot": "overview",
        "language": "original_language",
        "spoken": "spoken_languages",
        "genres": "genres",
        "credits": "credits",
        "runtime": "runtime",
        "keywords": "keywords",
        "poster": "poster_path",
        "backdrop": "backdrop_path",
        "trailers": "trailers",
        "release": "release_dates",
        "budget": "budget",
        "revenue": "revenue",
        "companies": "production_companies",
        "country": "production_countries",
        "collection": "belongs_to_collection",
        "homepage": "homepage",
        "adult": "adult",
        "status": "status",
        "video": "video"
      }
    },
    "imdb": {
      "name": "imdb_movies",
      "fields": {
        "rating": "imdbRating",
        "released ": "Released",
        "writer": "Writer",
        "metacritic": "Metacritic",
        "language": "Language",
        "title": "Title",
        "imdbid": "imdbID",
        "plot": "Plot",
        "certification": "Rating",
        "lastupdated": "lastUpdated",
        "votes": "imdbVotes",
        "poster": "Poster",
        "country": "Country",
        "director": "Director",
        "cast": "Cast",
        "awards": "Awards",
        "fullplot": "FullPlot",
        "year": "Year",
        "genres": "Genre",
        "runtime": "Runtime",
        "baseid": "ID"
      }
    },
    "tmdb_tv": {
      "tmdbid": "id",
      "title": "name",
      "title_alternative": "alternative_titles",
      "title_original": "original_name",
      "aired_first": "first_air_date",
      "aired_last": "last_air_date",
      "rating": "vote_average",
      "votes": "vote_count",
      "popularity": "popularity",
      "plot": "overview",
      "genres": "genres",
      "seasons": "seasons",
      "episode_runtime": "episode_run_time",
      "seasons_count": "number_of_seasons",
      "episodes_count": "number_of_episodes",
      "language": "original_language",
      "country": "origin_country",
      "created": "created_by",
      "credits": "credits",
      "keywords": "keywords",
      "poster": "poster_path",
      "backdrop": "backdrop_path",
      "aired_on": "networks",
      "companies": "production_companies",
      "homepage": "homepage",
      "videos": "videos",
      "status": "status",
      "type": "type"
    }
  }
}
